matchID,team1_ID,team2_ID,date,tournament,gk_saves_T1,red_card_T1,yellow_card_T1,assists_T1,shots_T1,shots_against_T1,shots_on_target_T1,passes_T1,goals_T1,goals_against_T1,ball_possession_T1,pass_acc_T1,gk_acc_T1,shot_acc_T1,winner
1694440,9905,4418,2016-07-10 21:00:00-02:00,European_Championship,8.0,0.0,6.0,1.0,10,18,3.0,486,1.0,0.0,0.4362657091561939,0.8725314183123878,1.0,0.3,1
1694439,3148,4418,2016-07-07 21:00:00-02:00,European_Championship,6.0,0.0,4.0,0.0,16,14,6.0,566,0.0,2.0,0.7210191082802547,0.8788819875776398,0.75,0.375,0
1694438,9905,10682,2016-07-06 21:00:00-02:00,European_Championship,4.0,0.0,2.0,2.0,17,9,5.0,332,2.0,0.0,0.43285528031290743,0.8601036269430051,1.0,0.29411764705882354,1
1694437,4418,7839,2016-07-03 21:00:00-02:00,European_Championship,4.0,0.0,1.0,5.0,15,12,8.0,579,5.0,2.0,0.6362637362637362,0.9234449760765551,0.6666666666666666,0.5333333333333333,1
1694436,3148,3757,2016-07-02 21:00:00-02:00,European_Championship,2.0,0.0,2.0,1.0,13,12,4.0,705,1.0,1.0,0.6305903398926654,0.8823529411764706,0.6666666666666666,0.3076923076923077,1
1694435,10682,5629,2016-07-01 21:00:00-02:00,European_Championship,3.0,0.0,4.0,3.0,15,14,7.0,345,3.0,1.0,0.4557463672391017,0.8846153846153846,0.75,0.4666666666666667,1
1694434,13869,9905,2016-06-30 21:00:00-02:00,European_Championship,5.0,0.0,3.0,1.0,13,19,5.0,539,1.0,1.0,0.5336633663366337,0.8555555555555555,0.8333333333333334,0.38461538461538464,0
1694433,2413,7839,2016-06-27 21:00:00-02:00,European_Championship,3.0,0.0,1.0,0.0,18,8,5.0,453,1.0,2.0,0.7236421725239617,0.8813229571984436,0.6,0.2777777777777778,0
1694432,3757,1598,2016-06-27 18:00:00-02:00,European_Championship,5.0,0.0,3.0,1.0,11,13,7.0,287,2.0,0.0,0.38317757009345793,0.8223495702005731,1.0,0.6363636363636364,1
1694431,10451,5629,2016-06-26 21:00:00-02:00,European_Championship,10.0,0.0,4.0,0.0,16,26,5.0,402,0.0,4.0,0.5410497981157469,0.8701298701298701,0.7142857142857143,0.3125,0
1694430,3148,14496,2016-06-26 18:00:00-02:00,European_Championship,2.0,0.0,2.0,1.0,18,7,6.0,494,3.0,0.0,0.6245259165613148,0.8666666666666667,1.0,0.3333333333333333,1
1694429,4418,8274,2016-06-26 15:00:00-02:00,European_Championship,1.0,0.0,2.0,2.0,24,6,10.0,450,2.0,1.0,0.7234726688102894,0.8637236084452975,0.5,0.4166666666666667,1
1694428,9598,9905,2016-06-25 21:00:00-02:00,European_Championship,1.0,0.0,0.0,0.0,15,4,0.0,561,0.0,1.0,0.6038751345532831,0.8262150220913107,0.5,0.0,0
1694427,10682,10962,2016-06-25 18:00:00-02:00,European_Championship,3.0,0.0,2.0,0.0,6,5,1.0,318,1.0,0.0,0.5910780669144982,0.8050632911392405,1.0,0.16666666666666666,1
1694426,6697,13869,2016-06-25 15:00:00-02:00,European_Championship,3.0,0.0,2.0,0.0,24,19,7.0,510,1.0,1.0,0.5717488789237668,0.8471760797342193,0.75,0.2916666666666667,0
1694419,7047,5629,2016-06-22 21:00:00-02:00,European_Championship,7.0,0.0,2.0,0.0,10,21,4.0,299,0.0,1.0,0.5093696763202725,0.8214285714285714,0.875,0.4,0
1694418,3757,8274,2016-06-22 21:00:00-02:00,European_Championship,3.0,0.0,4.0,0.0,5,12,1.0,272,0.0,1.0,0.5364891518737672,0.8421052631578947,0.75,0.2,0
1694425,7839,9109,2016-06-22 18:00:00-02:00,European_Championship,6.0,0.0,4.0,2.0,10,22,3.0,182,2.0,1.0,0.2493150684931507,0.7489711934156379,0.8571428571428571,0.3,1
1694413,11555,4687,2016-06-21 21:00:00-02:00,European_Championship,0.0,0.0,3.0,0.0,13,9,5.0,290,0.0,2.0,0.5282331511839709,0.7859078590785907,0.0,0.38461538461538464,0
1694412,9598,1598,2016-06-21 21:00:00-02:00,European_Championship,2.0,0.0,4.0,2.0,13,15,4.0,246,2.0,1.0,0.29043683589138136,0.8367346938775511,0.6666666666666666,0.3076923076923077,1
1694406,14622,13869,2016-06-21 18:00:00-02:00,European_Championship,2.0,0.0,2.0,0.0,19,9,4.0,488,0.0,1.0,0.7272727272727273,0.8591549295774648,0.6666666666666666,0.21052631578947367,0
1694407,10962,3148,2016-06-21 18:00:00-02:00,European_Championship,8.0,0.0,0.0,0.0,2,26,1.0,110,0.0,1.0,0.14588859416445624,0.7333333333333333,0.8888888888888888,0.5,0
1694401,14358,10682,2016-06-20 21:00:00-02:00,European_Championship,9.0,0.0,1.0,0.0,12,20,2.0,374,0.0,3.0,0.4776500638569604,0.8348214285714286,0.75,0.16666666666666666,0
1694395,11944,8731,2016-06-19 21:00:00-02:00,European_Championship,5.0,0.0,3.0,0.0,15,12,3.0,422,0.0,1.0,0.6741214057507987,0.8423153692614771,0.8333333333333334,0.2,0
1694417,5629,8274,2016-06-18 15:00:00-02:00,European_Championship,2.0,0.0,1.0,3.0,17,10,7.0,415,3.0,0.0,0.6067251461988304,0.8924731182795699,1.0,0.4117647058823529,1
1694411,1598,4687,2016-06-17 21:00:00-02:00,European_Championship,0.0,0.0,1.0,2.0,18,8,6.0,619,3.0,0.0,0.6361767728674204,0.9116347569955817,0.0,0.3333333333333333,1
1694416,3757,7047,2016-06-17 15:00:00-02:00,European_Championship,1.0,0.0,2.0,1.0,7,3,3.0,349,1.0,0.0,0.4853963838664812,0.8349282296650717,1.0,0.42857142857142855,1
1694404,14622,10962,2016-06-16 18:00:00-02:00,European_Championship,5.0,0.0,2.0,0.0,16,12,4.0,426,0.0,2.0,0.75,0.841897233201581,0.7142857142857143,0.25,0
1694399,2413,10682,2016-06-16 15:00:00-02:00,European_Championship,2.0,0.0,0.0,1.0,19,7,4.0,441,2.0,1.0,0.7616580310880829,0.8546511627906976,0.6666666666666666,0.21052631578947367,1
1694393,4418,8731,2016-06-15 21:00:00-02:00,European_Championship,0.0,0.0,1.0,2.0,19,6,2.0,440,2.0,0.0,0.6294706723891274,0.8888888888888888,0.0,0.10526315789473684,1
1694398,14358,14496,2016-06-15 15:00:00-02:00,European_Championship,2.0,0.0,0.0,1.0,14,10,2.0,469,1.0,2.0,0.6816860465116279,0.881578947368421,0.5,0.14285714285714285,0
1694420,9109,10451,2016-06-14 18:00:00-02:00,European_Championship,5.0,1.0,2.0,0.0,13,15,3.0,302,0.0,2.0,0.5041736227045075,0.7763496143958869,0.7142857142857143,0.23076923076923078,0
1694415,5629,3757,2016-06-13 21:00:00-02:00,European_Championship,4.0,0.0,1.0,0.0,18,11,3.0,444,0.0,2.0,0.5865257595772787,0.8505747126436781,0.6666666666666666,0.16666666666666666,0
1694409,1598,11555,2016-06-13 15:00:00-02:00,European_Championship,3.0,0.0,0.0,1.0,15,5,5.0,613,1.0,0.0,0.7961038961038961,0.8922852983988355,1.0,0.3333333333333333,1
1694403,3148,14622,2016-06-12 21:00:00-02:00,European_Championship,5.0,0.0,0.0,2.0,18,6,9.0,594,2.0,0.0,0.7397260273972602,0.9041095890410958,1.0,0.5,1
1694402,13869,10962,2016-06-12 18:00:00-02:00,European_Championship,0.0,0.0,2.0,1.0,17,1,4.0,416,1.0,0.0,0.6720516962843296,0.8907922912205567,0.0,0.23529411764705882,1
1694408,4687,9598,2016-06-12 15:00:00-02:00,European_Championship,5.0,0.0,3.0,0.0,9,17,2.0,311,0.0,1.0,0.5316239316239316,0.8497267759562842,0.8333333333333334,0.2222222222222222,0
1694396,10682,14496,2016-06-11 18:00:00-02:00,European_Championship,2.0,0.0,0.0,1.0,9,13,7.0,281,2.0,1.0,0.41142020497803805,0.8264705882352941,0.6666666666666666,0.7777777777777778,1
1694391,8731,6697,2016-06-11 15:00:00-02:00,European_Championship,6.0,1.0,5.0,0.0,7,16,2.0,331,0.0,1.0,0.4116915422885572,0.8530927835051546,0.8571428571428571,0.2857142857142857,0
1694390,4418,11944,2016-06-10 21:00:00-02:00,European_Championship,1.0,0.0,1.0,2.0,14,9,6.0,419,2.0,1.0,0.6693290734824281,0.8363273453093812,0.5,0.42857142857142855,1
