matchID,team1_ID,team2_ID,date,tournament,gk_saves_T2,red_card_T2,yellow_card_T2,assists_T2,shots_T2,shots_against_T2,shots_on_target_T2,passes_T2,goals_T2,goals_against_T2,ball_possession_T2,pass_acc_T2,gk_acc_T2,shot_acc_T2
1694440,9905,4418,2016-07-10 21:00:00-02:00,European_Championship,3.0,0.0,4.0,0.0,18,10,7.0,628,0.0,1.0,0.5637342908438061,0.8820224719101124,0.75,0.3888888888888889
1694439,3148,4418,2016-07-07 21:00:00-02:00,European_Championship,6.0,0.0,2.0,0.0,14,16,8.0,219,2.0,0.0,0.2789808917197452,0.8111111111111111,1.0,0.5714285714285714
1694438,9905,10682,2016-07-06 21:00:00-02:00,European_Championship,3.0,0.0,3.0,0.0,9,17,3.0,435,0.0,2.0,0.5671447196870926,0.8770161290322581,0.6,0.3333333333333333
1694437,4418,7839,2016-07-03 21:00:00-02:00,European_Championship,3.0,0.0,1.0,2.0,12,15,5.0,331,2.0,5.0,0.3637362637362637,0.8733509234828496,0.375,0.4166666666666667
1694436,3148,3757,2016-07-02 21:00:00-02:00,European_Championship,3.0,0.0,5.0,0.0,12,13,3.0,413,1.0,1.0,0.3694096601073345,0.8394308943089431,0.75,0.25
1694435,10682,5629,2016-07-01 21:00:00-02:00,European_Championship,4.0,0.0,2.0,1.0,14,15,4.0,412,1.0,3.0,0.5442536327608983,0.8765957446808511,0.5714285714285714,0.2857142857142857
1694434,13869,9905,2016-06-30 21:00:00-02:00,European_Championship,4.0,0.0,2.0,1.0,19,13,5.0,471,1.0,1.0,0.46633663366336636,0.8351063829787234,0.8,0.2631578947368421
1694433,2413,7839,2016-06-27 21:00:00-02:00,European_Championship,4.0,0.0,2.0,2.0,8,18,5.0,173,2.0,1.0,0.2763578274760383,0.7489177489177489,0.8,0.625
1694432,3757,1598,2016-06-27 18:00:00-02:00,European_Championship,5.0,0.0,4.0,0.0,13,11,5.0,462,0.0,2.0,0.616822429906542,0.8619402985074627,0.7142857142857143,0.38461538461538464
1694431,10451,5629,2016-06-26 21:00:00-02:00,European_Championship,6.0,0.0,3.0,4.0,26,16,14.0,341,4.0,0.0,0.458950201884253,0.8567839195979899,1.0,0.5384615384615384
1694430,3148,14496,2016-06-26 18:00:00-02:00,European_Championship,4.0,0.0,2.0,0.0,7,18,2.0,297,0.0,3.0,0.3754740834386852,0.853448275862069,0.5714285714285714,0.2857142857142857
1694429,4418,8274,2016-06-26 15:00:00-02:00,European_Championship,9.0,1.0,3.0,0.0,6,24,1.0,172,1.0,2.0,0.2765273311897106,0.7577092511013216,0.8181818181818182,0.16666666666666666
1694428,9598,9905,2016-06-25 21:00:00-02:00,European_Championship,0.0,0.0,1.0,0.0,4,15,2.0,368,1.0,0.0,0.3961248654467169,0.8123620309050773,0.0,0.5
1694427,10682,10962,2016-06-25 18:00:00-02:00,European_Championship,2.0,0.0,2.0,0.0,5,6,3.0,220,0.0,1.0,0.40892193308550184,0.8029197080291971,0.6666666666666666,0.6
1694426,6697,13869,2016-06-25 15:00:00-02:00,European_Championship,7.0,0.0,2.0,1.0,19,24,4.0,382,1.0,1.0,0.4282511210762332,0.8250539956803455,0.875,0.21052631578947367
1694419,7047,5629,2016-06-22 21:00:00-02:00,European_Championship,4.0,0.0,2.0,1.0,21,10,8.0,288,1.0,0.0,0.4906303236797274,0.7890410958904109,1.0,0.38095238095238093
1694418,3757,8274,2016-06-22 21:00:00-02:00,European_Championship,1.0,0.0,2.0,1.0,12,5,4.0,235,1.0,0.0,0.4635108481262327,0.8216783216783217,1.0,0.3333333333333333
1694425,7839,9109,2016-06-22 18:00:00-02:00,European_Championship,1.0,0.0,1.0,1.0,22,10,6.0,548,1.0,2.0,0.7506849315068493,0.8602825745682888,0.3333333333333333,0.2727272727272727
1694413,11555,4687,2016-06-21 21:00:00-02:00,European_Championship,7.0,0.0,2.0,2.0,9,13,2.0,259,2.0,0.0,0.47176684881602915,0.8068535825545171,1.0,0.2222222222222222
1694412,9598,1598,2016-06-21 21:00:00-02:00,European_Championship,2.0,0.0,0.0,1.0,15,13,2.0,601,1.0,2.0,0.7095631641086186,0.918960244648318,0.5,0.13333333333333333
1694406,14622,13869,2016-06-21 18:00:00-02:00,European_Championship,4.0,0.0,1.0,1.0,9,19,2.0,183,1.0,0.0,0.2727272727272727,0.7379032258064516,1.0,0.2222222222222222
1694407,10962,3148,2016-06-21 18:00:00-02:00,European_Championship,1.0,0.0,0.0,1.0,26,2,9.0,644,1.0,0.0,0.8541114058355438,0.8944444444444445,1.0,0.34615384615384615
1694401,14358,10682,2016-06-20 21:00:00-02:00,European_Championship,2.0,0.0,1.0,2.0,20,12,12.0,409,3.0,0.0,0.5223499361430396,0.8610526315789474,1.0,0.6
1694395,11944,8731,2016-06-19 21:00:00-02:00,European_Championship,3.0,0.0,3.0,1.0,12,15,5.0,204,1.0,0.0,0.3258785942492013,0.769811320754717,1.0,0.4166666666666667
1694417,5629,8274,2016-06-18 15:00:00-02:00,European_Championship,4.0,0.0,1.0,0.0,10,17,1.0,269,0.0,3.0,0.3932748538011696,0.8251533742331288,0.5714285714285714,0.1
1694411,1598,4687,2016-06-17 21:00:00-02:00,European_Championship,3.0,0.0,2.0,0.0,8,18,0.0,354,0.0,3.0,0.36382322713257964,0.8571428571428571,0.5,0.0
1694416,3757,7047,2016-06-17 15:00:00-02:00,European_Championship,2.0,0.0,1.0,0.0,3,7,0.0,370,0.0,1.0,0.5146036161335188,0.8390022675736961,0.6666666666666666,0.0
1694404,14622,10962,2016-06-16 18:00:00-02:00,European_Championship,5.0,0.0,3.0,1.0,12,16,7.0,142,2.0,0.0,0.25,0.7171717171717171,1.0,0.5833333333333334
1694399,2413,10682,2016-06-16 15:00:00-02:00,European_Championship,2.0,0.0,1.0,0.0,7,19,3.0,138,1.0,2.0,0.23834196891191708,0.7076923076923077,0.5,0.42857142857142855
1694393,4418,8731,2016-06-15 21:00:00-02:00,European_Championship,0.0,0.0,2.0,0.0,6,19,0.0,259,0.0,2.0,0.37052932761087265,0.809375,0.0,0.0
1694398,14358,14496,2016-06-15 15:00:00-02:00,European_Championship,1.0,0.0,1.0,2.0,10,14,4.0,219,2.0,1.0,0.3183139534883721,0.8171641791044776,0.5,0.4
1694420,9109,10451,2016-06-14 18:00:00-02:00,European_Championship,3.0,0.0,1.0,2.0,15,13,7.0,297,2.0,0.0,0.4958263772954925,0.7795275590551181,1.0,0.4666666666666667
1694415,5629,3757,2016-06-13 21:00:00-02:00,European_Championship,3.0,0.0,4.0,2.0,11,18,5.0,313,2.0,0.0,0.4134742404227213,0.798469387755102,1.0,0.45454545454545453
1694409,1598,11555,2016-06-13 15:00:00-02:00,European_Championship,4.0,0.0,1.0,0.0,5,15,3.0,157,0.0,1.0,0.2038961038961039,0.6916299559471366,0.8,0.6
1694403,3148,14622,2016-06-12 21:00:00-02:00,European_Championship,7.0,0.0,1.0,0.0,6,18,4.0,209,0.0,2.0,0.2602739726027397,0.7491039426523297,0.7777777777777778,0.6666666666666666
1694402,13869,10962,2016-06-12 18:00:00-02:00,European_Championship,3.0,0.0,1.0,0.0,1,17,0.0,203,0.0,1.0,0.32794830371567046,0.8055555555555556,0.75,0.0
1694408,4687,9598,2016-06-12 15:00:00-02:00,European_Championship,2.0,0.0,1.0,0.0,17,9,6.0,274,1.0,0.0,0.4683760683760684,0.791907514450867,1.0,0.35294117647058826
1694396,10682,14496,2016-06-11 18:00:00-02:00,European_Championship,5.0,0.0,5.0,1.0,13,9,3.0,402,1.0,2.0,0.5885797950219619,0.864516129032258,0.7142857142857143,0.23076923076923078
1694391,8731,6697,2016-06-11 15:00:00-02:00,European_Championship,3.0,0.0,2.0,1.0,16,7,7.0,473,1.0,0.0,0.5883084577114428,0.8890977443609023,1.0,0.4375
1694390,4418,11944,2016-06-10 21:00:00-02:00,European_Championship,5.0,0.0,3.0,0.0,9,14,2.0,207,1.0,2.0,0.3306709265175719,0.7419354838709677,0.7142857142857143,0.2222222222222222
