matchID,team1_ID,team2_ID,tournament,gk_saves_T1,gk_saves_T2,red_card_T1,red_card_T2,yellow_card_T1,yellow_card_T2,assists_T1,assists_T2,shots_T1,shots_T2,shots_on_target_T1,shots_on_target_T2,passes_T1,passes_T2,goals_T1,goals_T2,ball_possession_T1,ball_possession_T2,pass_acc_T1,pass_acc_T2,gk_acc_T1,gk_acc_T2,shot_acc_T1,shot_acc_T2,winner
1694440,9905,4418,European_Championship,8.0,3.0,0.0,0.0,6.0,4.0,1.0,0.0,10,18,3.0,7.0,486,628,1.0,0.0,0.4362657091561939,0.5637342908438061,0.8725314183123878,0.8820224719101124,1.0,0.75,0.3,0.3888888888888889,1
1694439,3148,4418,European_Championship,6.0,6.0,0.0,0.0,4.0,2.0,0.0,0.0,16,14,6.0,8.0,566,219,0.0,2.0,0.7210191082802547,0.2789808917197452,0.8788819875776398,0.8111111111111111,0.75,1.0,0.375,0.5714285714285714,0
1694438,9905,10682,European_Championship,4.0,3.0,0.0,0.0,2.0,3.0,2.0,0.0,17,9,5.0,3.0,332,435,2.0,0.0,0.43285528031290743,0.5671447196870926,0.8601036269430051,0.8770161290322581,1.0,0.6,0.29411764705882354,0.3333333333333333,1
1694437,4418,7839,European_Championship,4.0,3.0,0.0,0.0,1.0,1.0,5.0,2.0,15,12,8.0,5.0,579,331,5.0,2.0,0.6362637362637362,0.3637362637362637,0.9234449760765551,0.8733509234828496,0.6666666666666666,0.375,0.5333333333333333,0.4166666666666667,1
1694436,3148,3757,European_Championship,2.0,3.0,0.0,0.0,2.0,5.0,1.0,0.0,13,12,4.0,3.0,705,413,1.0,1.0,0.6305903398926654,0.3694096601073345,0.8823529411764706,0.8394308943089431,0.6666666666666666,0.75,0.3076923076923077,0.25,1
1694435,10682,5629,European_Championship,3.0,4.0,0.0,0.0,4.0,2.0,3.0,1.0,15,14,7.0,4.0,345,412,3.0,1.0,0.4557463672391017,0.5442536327608983,0.8846153846153846,0.8765957446808511,0.75,0.5714285714285714,0.4666666666666667,0.2857142857142857,1
1694434,13869,9905,European_Championship,5.0,4.0,0.0,0.0,3.0,2.0,1.0,1.0,13,19,5.0,5.0,539,471,1.0,1.0,0.5336633663366337,0.46633663366336636,0.8555555555555555,0.8351063829787234,0.8333333333333334,0.8,0.38461538461538464,0.2631578947368421,0
1694433,2413,7839,European_Championship,3.0,4.0,0.0,0.0,1.0,2.0,0.0,2.0,18,8,5.0,5.0,453,173,1.0,2.0,0.7236421725239617,0.2763578274760383,0.8813229571984436,0.7489177489177489,0.6,0.8,0.2777777777777778,0.625,0
1694432,3757,1598,European_Championship,5.0,5.0,0.0,0.0,3.0,4.0,1.0,0.0,11,13,7.0,5.0,287,462,2.0,0.0,0.38317757009345793,0.616822429906542,0.8223495702005731,0.8619402985074627,1.0,0.7142857142857143,0.6363636363636364,0.38461538461538464,1
1694431,10451,5629,European_Championship,10.0,6.0,0.0,0.0,4.0,3.0,0.0,4.0,16,26,5.0,14.0,402,341,0.0,4.0,0.5410497981157469,0.458950201884253,0.8701298701298701,0.8567839195979899,0.7142857142857143,1.0,0.3125,0.5384615384615384,0
1694430,3148,14496,European_Championship,2.0,4.0,0.0,0.0,2.0,2.0,1.0,0.0,18,7,6.0,2.0,494,297,3.0,0.0,0.6245259165613148,0.3754740834386852,0.8666666666666667,0.853448275862069,1.0,0.5714285714285714,0.3333333333333333,0.2857142857142857,1
1694429,4418,8274,European_Championship,1.0,9.0,0.0,1.0,2.0,3.0,2.0,0.0,24,6,10.0,1.0,450,172,2.0,1.0,0.7234726688102894,0.2765273311897106,0.8637236084452975,0.7577092511013216,0.5,0.8181818181818182,0.4166666666666667,0.16666666666666666,1
1694428,9598,9905,European_Championship,1.0,0.0,0.0,0.0,0.0,1.0,0.0,0.0,15,4,0.0,2.0,561,368,0.0,1.0,0.6038751345532831,0.3961248654467169,0.8262150220913107,0.8123620309050773,0.5,0.0,0.0,0.5,0
1694427,10682,10962,European_Championship,3.0,2.0,0.0,0.0,2.0,2.0,0.0,0.0,6,5,1.0,3.0,318,220,1.0,0.0,0.5910780669144982,0.40892193308550184,0.8050632911392405,0.8029197080291971,1.0,0.6666666666666666,0.16666666666666666,0.6,1
1694426,6697,13869,European_Championship,3.0,7.0,0.0,0.0,2.0,2.0,0.0,1.0,24,19,7.0,4.0,510,382,1.0,1.0,0.5717488789237668,0.4282511210762332,0.8471760797342193,0.8250539956803455,0.75,0.875,0.2916666666666667,0.21052631578947367,0
1694419,7047,5629,European_Championship,7.0,4.0,0.0,0.0,2.0,2.0,0.0,1.0,10,21,4.0,8.0,299,288,0.0,1.0,0.5093696763202725,0.4906303236797274,0.8214285714285714,0.7890410958904109,0.875,1.0,0.4,0.38095238095238093,0
1694418,3757,8274,European_Championship,3.0,1.0,0.0,0.0,4.0,2.0,0.0,1.0,5,12,1.0,4.0,272,235,0.0,1.0,0.5364891518737672,0.4635108481262327,0.8421052631578947,0.8216783216783217,0.75,1.0,0.2,0.3333333333333333,0
1694424,10451,9905,European_Championship,4.0,2.0,0.0,0.0,4.0,0.0,0.0,3.0,9,18,5.0,6.0,218,451,3.0,3.0,0.32585949177877427,0.6741405082212257,0.7898550724637681,0.8825831702544031,0.5714285714285714,0.4,0.5555555555555556,0.3333333333333333,0
1694425,7839,9109,European_Championship,6.0,1.0,0.0,0.0,4.0,1.0,2.0,1.0,10,22,3.0,6.0,182,548,2.0,1.0,0.2493150684931507,0.7506849315068493,0.7489711934156379,0.8602825745682888,0.8571428571428571,0.3333333333333333,0.3,0.2727272727272727,1
1694413,11555,4687,European_Championship,0.0,7.0,0.0,0.0,3.0,2.0,0.0,2.0,13,9,5.0,2.0,290,259,0.0,2.0,0.5282331511839709,0.47176684881602915,0.7859078590785907,0.8068535825545171,0.0,1.0,0.38461538461538464,0.2222222222222222,0
1694412,9598,1598,European_Championship,2.0,2.0,0.0,0.0,4.0,0.0,2.0,1.0,13,15,4.0,2.0,246,601,2.0,1.0,0.29043683589138136,0.7095631641086186,0.8367346938775511,0.918960244648318,0.6666666666666666,0.5,0.3076923076923077,0.13333333333333333,1
1694406,14622,13869,European_Championship,2.0,4.0,0.0,0.0,2.0,1.0,0.0,1.0,19,9,4.0,2.0,488,183,0.0,1.0,0.7272727272727273,0.2727272727272727,0.8591549295774648,0.7379032258064516,0.6666666666666666,1.0,0.21052631578947367,0.2222222222222222,0
1694407,10962,3148,European_Championship,8.0,1.0,0.0,0.0,0.0,0.0,0.0,1.0,2,26,1.0,9.0,110,644,0.0,1.0,0.14588859416445624,0.8541114058355438,0.7333333333333333,0.8944444444444445,0.8888888888888888,1.0,0.5,0.34615384615384615,0
1694400,14496,2413,European_Championship,3.0,1.0,0.0,0.0,1.0,1.0,0.0,0.0,3,24,1.0,3.0,283,513,0.0,0.0,0.3555276381909548,0.6444723618090452,0.8397626112759644,0.8890814558058926,1.0,1.0,0.3333333333333333,0.125,0
1694401,14358,10682,European_Championship,9.0,2.0,0.0,0.0,1.0,1.0,0.0,2.0,12,20,2.0,12.0,374,409,0.0,3.0,0.4776500638569604,0.5223499361430396,0.8348214285714286,0.8610526315789474,0.75,1.0,0.16666666666666666,0.6,0
1694394,6697,4418,European_Championship,4.0,0.0,0.0,0.0,0.0,2.0,0.0,0.0,5,13,0.0,4.0,442,274,0.0,0.0,0.61731843575419,0.38268156424581007,0.8983739837398373,0.8303030303030303,1.0,0.0,0.0,0.3076923076923077,0
1694395,11944,8731,European_Championship,5.0,3.0,0.0,0.0,3.0,3.0,0.0,1.0,15,12,3.0,5.0,422,204,0.0,1.0,0.6741214057507987,0.3258785942492013,0.8423153692614771,0.769811320754717,0.8333333333333334,1.0,0.2,0.4166666666666667,0
1694423,9905,9109,European_Championship,1.0,6.0,0.0,0.0,2.0,4.0,0.0,0.0,23,3,6.0,1.0,441,270,0.0,0.0,0.620253164556962,0.379746835443038,0.8513513513513513,0.7988165680473372,1.0,1.0,0.2608695652173913,0.3333333333333333,0
1694422,7839,10451,European_Championship,4.0,1.0,0.0,0.0,3.0,3.0,0.0,0.0,8,12,2.0,4.0,145,546,1.0,1.0,0.2098408104196816,0.7901591895803184,0.7004830917874396,0.8736,0.8,0.5,0.25,0.3333333333333333,0
1694417,5629,8274,European_Championship,2.0,4.0,0.0,0.0,1.0,1.0,3.0,0.0,17,10,7.0,1.0,415,269,3.0,0.0,0.6067251461988304,0.3932748538011696,0.8924731182795699,0.8251533742331288,1.0,0.5714285714285714,0.4117647058823529,0.1,1
1694411,1598,4687,European_Championship,0.0,3.0,0.0,0.0,1.0,2.0,2.0,0.0,18,8,6.0,0.0,619,354,3.0,0.0,0.6361767728674204,0.36382322713257964,0.9116347569955817,0.8571428571428571,0.0,0.5,0.3333333333333333,0.0,1
1694410,11555,9598,European_Championship,4.0,2.0,0.0,0.0,1.0,3.0,1.0,1.0,7,17,4.0,6.0,264,325,2.0,2.0,0.44821731748726656,0.5517826825127334,0.797583081570997,0.8333333333333334,0.6666666666666666,0.5,0.5714285714285714,0.35294117647058826,0
1694416,3757,7047,European_Championship,1.0,2.0,0.0,0.0,2.0,1.0,1.0,0.0,7,3,3.0,0.0,349,370,1.0,0.0,0.4853963838664812,0.5146036161335188,0.8349282296650717,0.8390022675736961,1.0,0.6666666666666666,0.42857142857142855,0.0,1
1694405,3148,13869,European_Championship,0.0,4.0,0.0,0.0,3.0,3.0,0.0,0.0,14,7,3.0,0.0,520,183,0.0,0.0,0.7396870554765291,0.2603129445234708,0.87248322147651,0.7439024390243902,0.0,1.0,0.21428571428571427,0.0,0
1694404,14622,10962,European_Championship,5.0,5.0,0.0,0.0,2.0,3.0,0.0,1.0,16,12,4.0,7.0,426,142,0.0,2.0,0.75,0.25,0.841897233201581,0.7171717171717171,0.7142857142857143,1.0,0.25,0.5833333333333334,0
1694399,2413,10682,European_Championship,2.0,2.0,0.0,0.0,0.0,1.0,1.0,0.0,19,7,4.0,3.0,441,138,2.0,1.0,0.7616580310880829,0.23834196891191708,0.8546511627906976,0.7076923076923077,0.6666666666666666,0.5,0.21052631578947367,0.42857142857142855,1
1694393,4418,8731,European_Championship,0.0,0.0,0.0,0.0,1.0,2.0,2.0,0.0,19,6,2.0,0.0,440,259,2.0,0.0,0.6294706723891274,0.37052932761087265,0.8888888888888888,0.809375,0.0,0.0,0.10526315789473684,0.0,1
1694392,11944,6697,European_Championship,5.0,2.0,0.0,0.0,4.0,2.0,0.0,2.0,14,17,3.0,6.0,192,449,1.0,1.0,0.2995319812792512,0.7004680187207488,0.7836734693877551,0.8634615384615385,0.8333333333333334,0.6666666666666666,0.21428571428571427,0.35294117647058826,0
1694398,14358,14496,European_Championship,2.0,1.0,0.0,0.0,0.0,1.0,1.0,2.0,14,10,2.0,4.0,469,219,1.0,2.0,0.6816860465116279,0.3183139534883721,0.881578947368421,0.8171641791044776,0.5,0.5,0.14285714285714285,0.4,0
1694421,9905,7839,European_Championship,3.0,8.0,0.0,0.0,0.0,2.0,1.0,1.0,23,4,7.0,4.0,553,133,1.0,1.0,0.8061224489795918,0.19387755102040816,0.8791732909379968,0.689119170984456,0.75,0.8888888888888888,0.30434782608695654,1.0,0
1694420,9109,10451,European_Championship,5.0,3.0,1.0,0.0,2.0,1.0,0.0,2.0,13,15,3.0,7.0,302,297,0.0,2.0,0.5041736227045075,0.4958263772954925,0.7763496143958869,0.7795275590551181,0.7142857142857143,1.0,0.23076923076923078,0.4666666666666667,0
1694415,5629,3757,European_Championship,4.0,3.0,0.0,0.0,1.0,4.0,0.0,2.0,18,11,3.0,5.0,444,313,0.0,2.0,0.5865257595772787,0.4134742404227213,0.8505747126436781,0.798469387755102,0.6666666666666666,1.0,0.16666666666666666,0.45454545454545453,0
1694414,8274,7047,European_Championship,1.0,3.0,0.0,0.0,2.0,1.0,1.0,0.0,8,5,4.0,0.0,163,323,1.0,1.0,0.33539094650205764,0.6646090534979424,0.7442922374429224,0.8260869565217391,0.5,0.75,0.5,0.0,0
1694409,1598,11555,European_Championship,3.0,4.0,0.0,0.0,0.0,1.0,1.0,0.0,15,5,5.0,3.0,613,157,1.0,0.0,0.7961038961038961,0.2038961038961039,0.8922852983988355,0.6916299559471366,1.0,0.8,0.3333333333333333,0.6,1
1694403,3148,14622,European_Championship,5.0,7.0,0.0,0.0,0.0,1.0,2.0,0.0,18,6,9.0,4.0,594,209,2.0,0.0,0.7397260273972602,0.2602739726027397,0.9041095890410958,0.7491039426523297,1.0,0.7777777777777778,0.5,0.6666666666666666,1
1694402,13869,10962,European_Championship,0.0,3.0,0.0,0.0,2.0,1.0,1.0,0.0,17,1,4.0,0.0,416,203,1.0,0.0,0.6720516962843296,0.32794830371567046,0.8907922912205567,0.8055555555555556,0.0,0.75,0.23529411764705882,0.0,1
1694408,4687,9598,European_Championship,5.0,2.0,0.0,0.0,3.0,1.0,0.0,0.0,9,17,2.0,6.0,311,274,0.0,1.0,0.5316239316239316,0.4683760683760684,0.8497267759562842,0.791907514450867,0.8333333333333334,1.0,0.2222222222222222,0.35294117647058826,0
1694397,2413,14358,European_Championship,2.0,5.0,0.0,0.0,1.0,1.0,0.0,1.0,14,6,5.0,2.0,360,316,1.0,1.0,0.5325443786982249,0.46745562130177515,0.8450704225352113,0.8165374677002584,0.6666666666666666,0.8333333333333334,0.35714285714285715,0.3333333333333333,0
1694396,10682,14496,European_Championship,2.0,5.0,0.0,0.0,0.0,5.0,1.0,1.0,9,13,7.0,3.0,281,402,2.0,1.0,0.41142020497803805,0.5885797950219619,0.8264705882352941,0.864516129032258,0.6666666666666666,0.7142857142857143,0.7777777777777778,0.23076923076923078,1
1694391,8731,6697,European_Championship,6.0,3.0,1.0,0.0,5.0,2.0,0.0,1.0,7,16,2.0,7.0,331,473,0.0,1.0,0.4116915422885572,0.5883084577114428,0.8530927835051546,0.8890977443609023,0.8571428571428571,1.0,0.2857142857142857,0.4375,0
1694390,4418,11944,European_Championship,1.0,5.0,0.0,0.0,1.0,3.0,2.0,0.0,14,9,6.0,2.0,419,207,2.0,1.0,0.6693290734824281,0.3306709265175719,0.8363273453093812,0.7419354838709677,0.5,0.7142857142857143,0.42857142857142855,0.2222222222222222,1
